"","Fold.Change","FC.Std.Err","Obs.T","p.value","df","FC.Lower","FC.Upper","adj_p.value","Significance","dose_1","label_1","dose_2","label_2"
"12.5:chr1 vs 0:chr1",1.85844399963547,0.50932842325374,5.1135392882739,0.0237398434233356,1,1.08609469065323,3.18003036890253,0.763444033238633,"","12.5","chr1","0","chr1"
"25:chr1 vs 0:chr1",3.64232670524498,0.951981965085072,24.45929297303,7.58965464031647e-07,1,2.18224436530873,6.07931175749144,4.55369082862367e-05,"***","25","chr1","0","chr1"
"50:chr1 vs 0:chr1",6.70232750888738,1.60651135407268,62.99591855606,2.1094237467878e-15,1,4.1898384480365,10.7214620786728,1.26565424807268e-13,"***","50","chr1","0","chr1"
"12.5:chr1.2 vs 0:chr1.2",1.85571697909357,0.42346348936148,7.3409028875216,0.00674029764905004,1,1.18651341357725,2.90235699579133,0.333547868664828,"","12.5","chr1.2","0","chr1.2"
"25:chr1.2 vs 0:chr1.2",3.55517948727167,0.774803252501326,33.8732182524477,5.88228821207792e-09,1,2.31928263059146,5.44965974392435,3.52937231440364e-07,"***","25","chr1.2","0","chr1.2"
"50:chr1.2 vs 0:chr1.2",5.23146153832938,1.06369772317155,66.2282473210614,4.44089209850063e-16,1,3.51196941244834,7.79283262832866,2.66453525910038e-14,"***","50","chr1.2","0","chr1.2"
"12.5:chr10 vs 0:chr10",1.33029229245077,0.283185892135024,1.7974419086478,0.180022063559356,1,0.876491274983203,2.01904757510317,0.999993268218586,"","12.5","chr10","0","chr10"
"25:chr10 vs 0:chr10",2.6166343386549,0.520880919626365,23.3485002895071,1.35148841184929e-06,1,1.77132562091691,3.86533971020179,8.10860718534201e-05,"***","25","chr10","0","chr10"
"50:chr10 vs 0:chr10",4.17240693535223,0.758426465972462,61.7593383732846,3.88578058618805e-15,1,2.92187821454686,5.95814690273642,2.33146835171283e-13,"***","50","chr10","0","chr10"
"12.5:chr11 vs 0:chr11",2.84591309466525,0.518047927718816,33.0118903683803,9.15969711190456e-09,1,1.99193660559438,4.06600356639884,5.49581678166433e-07,"***","12.5","chr11","0","chr11"
"25:chr11 vs 0:chr11",5.63608249969186,0.992561544288759,96.4106116555506,0,1,3.99092520572206,7.9594139969821,0,"***","25","chr11","0","chr11"
"50:chr11 vs 0:chr11",6.34457510192503,1.07836380605725,118.165432564187,0,1,4.54702126973591,8.85274794993536,0,"***","50","chr11","0","chr11"
"12.5:chr12 vs 0:chr12",1.59392858381897,0.320555061905973,5.3737850029347,0.0204415736606078,1,1.07469114735035,2.36403578514538,0.710385240247951,"","12.5","chr12","0","chr12"
"25:chr12 vs 0:chr12",3.05758378347895,0.582831047961306,34.3766524438818,4.5413853788645e-09,1,2.10437861413518,4.44255540813668,2.72483086205533e-07,"***","25","chr12","0","chr12"
"50:chr12 vs 0:chr12",5.67198556227865,0.988683255217256,99.1344844644096,0,1,4.03053092741203,7.98193111480586,0,"***","50","chr12","0","chr12"
"12.5:chr13 vs 0:chr13",1.86445297029348,0.453823523395899,6.55028074234227,0.0104867610878197,1,1.1570758337989,3.00428440115563,0.468752932092137,"","12.5","chr13","0","chr13"
"25:chr13 vs 0:chr13",2.87146748462967,0.683525104922268,19.6362352415766,9.36757081304584e-06,1,1.80087510941032,4.57851045427871,0.000561898956960682,"***","25","chr13","0","chr13"
"50:chr13 vs 0:chr13",4.50364111197065,0.983255104817289,47.5119059819544,5.46707124016166e-12,1,2.93579441876275,6.90878868622557,3.28024274409700e-10,"***","50","chr13","0","chr13"
"12.5:chr14 vs 0:chr14",2.46729720398869,0.471854928560245,22.3007792011223,2.33111998348967e-06,1,1.69603407976112,3.58928842613105,0.000139857581049729,"***","12.5","chr14","0","chr14"
"25:chr14 vs 0:chr14",5.93718560173772,1.07232939834477,97.2629353021444,0,1,4.16718771118569,8.45898368697482,0,"***","25","chr14","0","chr14"
"50:chr14 vs 0:chr14",7.56875646899514,1.31555023889626,135.602456203081,0,1,5.38362022762114,10.6408089844533,0,"***","50","chr14","0","chr14"
"12.5:chr15 vs 0:chr15",1.23219638079031,0.259881819777963,0.980080567030865,0.322178916270915,1,0.814992304525247,1.86297209483125,0.999999999926396,"","12.5","chr15","0","chr15"
"25:chr15 vs 0:chr15",1.86342586134537,0.384725287533892,9.08835287304673,0.0025724244387979,1,1.24328862084126,2.79288001395943,0.143194489572324,"","25","chr15","0","chr15"
"50:chr15 vs 0:chr15",2.13430322018032,0.405545119228595,15.9196300048573,6.60897041405706e-05,1,1.47067549449701,3.09738637294019,0.00395766102470185,"**","50","chr15","0","chr15"
"12.5:chr16 vs 0:chr16",2.08354020119591,0.4162351343474,13.5020413490784,0.000238304075110718,1,1.40849326597365,3.08211609872241,0.0141981898048097,"*","12.5","chr16","0","chr16"
"25:chr16 vs 0:chr16",3.89147498366158,0.747934397952251,49.9810116927529,1.55242485533336e-12,1,2.6700221119292,5.67170491989749,9.31454913200014e-11,"***","25","chr16","0","chr16"
"50:chr16 vs 0:chr16",5.16789066076522,0.936196876821476,82.2023622443044,0,1,3.62336964687523,7.3707892057484,0,"***","50","chr16","0","chr16"
"12.5:chr17 vs 0:chr17",2.69493602118228,0.61397185248387,18.9354422262397,1.35217119415776e-05,1,1.72434468431475,4.21184941985768,0.000810979180131177,"***","12.5","chr17","0","chr17"
"25:chr17 vs 0:chr17",5.18538571484321,1.14478296356983,55.5767666339682,8.99280649946377e-14,1,3.36403435588379,7.99285089484052,5.39568389967826e-12,"***","25","chr17","0","chr17"
"50:chr17 vs 0:chr17",7.65953940716538,1.59871732163991,95.1474066162827,0,1,5.08789148353089,11.5310132143787,0,"***","50","chr17","0","chr17"
"12.5:chr18 vs 0:chr18",2.91586387573101,0.694263717951255,20.2017017942923,6.96909097031018e-06,1,1.82850929044893,4.64983261840884,0.00041805950403484,"***","12.5","chr18","0","chr18"
"25:chr18 vs 0:chr18",6.63474086765868,1.50330754946824,69.7495218008274,1.11022302462516e-16,1,4.25556960166392,10.3440409866093,6.66133814775094e-15,"***","25","chr18","0","chr18"
"50:chr18 vs 0:chr18",9.83325617563968,2.13703751402418,110.620475454439,0,1,6.42255458576149,15.0552129568692,0,"***","50","chr18","0","chr18"
"12.5:chr19 vs 0:chr19",2.55125593255704,0.668079063249445,12.7922645736885,0.00034805553636319,1,1.52705962392961,4.26237897421322,0.0206703454162935,"*","12.5","chr19","0","chr19"
"25:chr19 vs 0:chr19",5.09233329241899,1.28260648604482,41.7652211619382,1.02917896427357e-10,1,3.10831199380427,8.34274629212519,6.17507378564142e-09,"***","25","chr19","0","chr19"
"50:chr19 vs 0:chr19",7.1555085659101,1.71089426603691,67.7380971668309,2.22044604925031e-16,1,4.4783369780665,11.4331063266522,1.33226762955019e-14,"***","50","chr19","0","chr19"
"12.5:chr2 vs 0:chr2",1.45497247601768,0.298481807820527,3.34122874135564,0.0675641368633951,1,0.973271870986748,2.17508074472837,0.984963798594214,"","12.5","chr2","0","chr2"
"25:chr2 vs 0:chr2",2.70251719193214,0.525057198399032,26.1852614422188,3.10180938489779e-07,1,1.84668660951216,3.95497489128282,1.86106860148305e-05,"***","25","chr2","0","chr2"
"50:chr2 vs 0:chr2",3.66599285523833,0.658602705167996,52.2902645432615,4.78728168218368e-13,1,2.57793291171773,5.21328679794987,2.87236900931021e-11,"***","50","chr2","0","chr2"
"12.5:chr3 vs 0:chr3",1.03993956607006,0.27402021501458,0.0220899165124797,0.88184814887259,1,0.620468381644498,1.7429966345934,1,"","12.5","chr3","0","chr3"
"25:chr3 vs 0:chr3",1.82662492208755,0.455024411032485,5.84924965936934,0.0155836943724198,1,1.12100981683629,2.97638660775315,0.610302232165631,"","25","chr3","0","chr3"
"50:chr3 vs 0:chr3",2.29586125637321,0.518412003591036,13.5474063188202,0.000232612652134923,1,1.47482981616663,3.57395738188686,0.0138614161059236,"*","50","chr3","0","chr3"
"12.5:chr4 vs 0:chr4",1.60244930531306,0.359520325139431,4.4171931750325,0.0355785150116115,1,1.03231320719858,2.48746577898266,0.886233967962856,"","12.5","chr4","0","chr4"
"25:chr4 vs 0:chr4",3.46755270193678,0.72664114828596,35.2096875371061,2.96047197867466e-09,1,2.29958775389073,5.22872924521603,1.77628303177357e-07,"***","25","chr4","0","chr4"
"50:chr4 vs 0:chr4",5.07524358089436,0.989825275745553,69.3695758468372,1.11022302462516e-16,1,3.4629559433321,7.43818224283403,6.66133814775094e-15,"***","50","chr4","0","chr4"
"12.5:chr5 vs 0:chr5",1.77439421779343,0.408076858404577,6.21757680241705,0.0126488115688197,1,1.13055053168593,2.7849041258188,0.534093043672677,"","12.5","chr5","0","chr5"
"25:chr5 vs 0:chr5",3.22153071007266,0.713139530839127,27.9280623425674,1.25910386450379e-07,1,2.08753912196809,4.97152844070144,7.55459512657985e-06,"***","25","chr5","0","chr5"
"50:chr5 vs 0:chr5",5.17045824937649,1.05165348105977,65.2480327803806,6.66133814775094e-16,1,3.47054404196216,7.70301087821115,3.99680288865056e-14,"***","50","chr5","0","chr5"
"12.5:chr6 vs 0:chr6",1.7802317021894,0.40330311835357,6.48119901212627,0.0109021416861246,1,1.14193352938642,2.77531470258435,0.481969071816374,"","12.5","chr6","0","chr6"
"25:chr6 vs 0:chr6",2.86827673737404,0.632944834730944,22.800992216988,1.79672920241902e-06,1,1.8611687467633,4.42034686885239,0.000107798038366247,"***","25","chr6","0","chr6"
"50:chr6 vs 0:chr6",5.2997037022768,1.05891191897604,69.6616564824735,1.11022302462516e-16,1,3.58242018367131,7.84019123718274,6.66133814775094e-15,"***","50","chr6","0","chr6"
"12.5:chr7 vs 0:chr7",2.78089225002917,0.664059823554985,18.3447343620426,1.84327722883015e-05,1,1.74149612320738,4.44064250457789,0.00110536516379978,"**","12.5","chr7","0","chr7"
"25:chr7 vs 0:chr7",6.06450877584902,1.38138027281619,62.6170955868511,2.55351295663786e-15,1,3.88068180224539,9.47726934763618,1.53210777398272e-13,"***","25","chr7","0","chr7"
"50:chr7 vs 0:chr7",7.69565492897393,1.68721755389072,86.6340363201635,0,1,5.00755476462514,11.8267512927089,0,"***","50","chr7","0","chr7"
"12.5:chr8 vs 0:chr8",3.21068337215684,0.730105129759996,26.3136796887852,2.90225695143143e-07,1,2.05605808566881,5.01371424674086,1.74133926206244e-05,"***","12.5","chr8","0","chr8"
"25:chr8 vs 0:chr8",6.9039615875084,1.51489075952535,77.5338283194697,0,1,4.49081149284405,10.613824623399,0,"***","25","chr8","0","chr8"
"50:chr8 vs 0:chr8",8.89405238513567,1.87659582073379,107.278553913017,0,1,5.88167291350707,13.4492633291249,0,"***","50","chr8","0","chr8"
"12.5:chr9 vs 0:chr9",1.56937233791503,0.319974372514988,4.8859608626637,0.0270759598020732,1,1.05239117457443,2.34031754970661,0.80736461009632,"","12.5","chr9","0","chr9"
"25:chr9 vs 0:chr9",2.37968060316,0.475329493718505,18.8387562456038,1.4224713965838e-05,1,1.60877515214203,3.51999455331965,0.000853124790221815,"***","25","chr9","0","chr9"
"50:chr9 vs 0:chr9",4.25748242466549,0.763649891282327,65.2320267373411,6.66133814775094e-16,1,2.99554458727596,6.05103882390172,3.99680288865056e-14,"***","50","chr9","0","chr9"
